<?xml version="1.0" encoding="UTF-8"?>
<jcr:root xmlns:jcr="http://www.jcp.org/jcr/1.0" xmlns:nt="http://www.jcp.org/jcr/nt/1.0" xmlns:cq="http://www.day.com/jcr/cq/1.0" xmlns:sling="http://sling.apache.org/jcr/sling/1.0"
    jcr:primaryType="cq:Page">
    <jcr:content
        cq:contextHubPath="/etc/cloudsettings/default/contexthub"
        cq:contextHubSegmentsPath="/etc/segmentation/contexthub"
        cq:lastModified="{Date}2024-06-25T15:28:23.236+05:30"
        cq:lastModifiedBy="admin"
        cq:template="/conf/vation/settings/wcm/templates/page-content"
        jcr:primaryType="cq:PageContent"
        jcr:title="en"
        sling:resourceType="vation/components/page"
        pageTitle="Vation">
        <root
            jcr:primaryType="nt:unstructured"
            sling:resourceType="vation/components/container"
            layout="responsiveGrid">
            <container
                jcr:primaryType="nt:unstructured"
                sling:resourceType="vation/components/container">
                <title
                    jcr:primaryType="nt:unstructured"
                    sling:resourceType="vation/components/title"/>
                <container
                    jcr:primaryType="nt:unstructured"
                    sling:resourceType="vation/components/container"
                    layout="responsiveGrid">
                    <teaser
                        jcr:description="&lt;p>Don't stop half way, go for the top!&lt;/p>&#xd;&#xa;"
                        jcr:primaryType="nt:unstructured"
                        jcr:title="Epic Journey"
                        sling:resourceType="vation/components/teaser"
                        actionsEnabled="false"
                        descriptionFromPage="false"
                        textIsRich="true"
                        titleFromPage="false">
                        <cq:responsive jcr:primaryType="nt:unstructured">
                            <default
                                jcr:primaryType="nt:unstructured"
                                offset="0"
                                width="4"/>
                        </cq:responsive>
                    </teaser>
                    <teaser_copy
                        jcr:description="&lt;p>Don't stop half way, go for the top!&lt;/p>&#xd;&#xa;"
                        jcr:primaryType="nt:unstructured"
                        jcr:title="Epic Journey"
                        sling:resourceType="vation/components/teaser"
                        actionsEnabled="false"
                        descriptionFromPage="false"
                        textIsRich="true"
                        titleFromPage="false">
                        <cq:responsive jcr:primaryType="nt:unstructured">
                            <default
                                jcr:primaryType="nt:unstructured"
                                offset="0"
                                width="4"/>
                        </cq:responsive>
                    </teaser_copy>
                    <teaser_copy_1579324932
                        jcr:description="&lt;p>Don't stop half way, go for the top!&lt;/p>&#xd;&#xa;"
                        jcr:primaryType="nt:unstructured"
                        jcr:title="Epic Journey"
                        sling:resourceType="vation/components/teaser"
                        actionsEnabled="false"
                        descriptionFromPage="false"
                        textIsRich="true"
                        titleFromPage="false">
                        <cq:responsive jcr:primaryType="nt:unstructured">
                            <default
                                jcr:primaryType="nt:unstructured"
                                offset="0"
                                width="4"/>
                        </cq:responsive>
                    </teaser_copy_1579324932>
                    <helloworld
                        jcr:primaryType="nt:unstructured"
                        sling:resourceType="vation/components/helloworld"
                        text="lalala :)"/>
                    <footer
                        jcr:created="{Date}2024-06-24T16:46:36.591+05:30"
                        jcr:createdBy="admin"
                        jcr:lastModified="{Date}2024-06-25T15:23:48.376+05:30"
                        jcr:lastModifiedBy="admin"
                        jcr:primaryType="nt:unstructured"
                        sling:resourceType="vation/components/footer">
                        <footerSocial
                            jcr:lastModified="{Date}2024-06-25T14:13:26.899+05:30"
                            jcr:lastModifiedBy="admin"
                            jcr:primaryType="nt:unstructured"
                            sling:resourceType="vation/components/footerSocial"
                            text="Follow us"
                            title="Follow us">
                            <multiitems jcr:primaryType="nt:unstructured">
                                <item0
                                    jcr:primaryType="nt:unstructured"
                                    icon="facebook"
                                    svgIcon="&lt;g xmlns=&quot;http://www.w3.org/2000/svg&quot; clip-path=&quot;url(#clip0_135_759)&quot;>&#xd;&#xa;&lt;path d=&quot;M35 17.5C35 7.83501 27.165 0 17.5 0C7.83501 0 0 7.83501 0 17.5C0 26.2346 6.39946 33.4745 14.7656 34.7874V22.5586H10.3223V17.5H14.7656V13.6445C14.7656 9.25859 17.3783 6.83593 21.3756 6.83593C23.2897 6.83593 25.293 7.17773 25.293 7.17773V11.4844H23.0863C20.9125 11.4844 20.2344 12.8334 20.2344 14.2187V17.5H25.0879L24.312 22.5586H20.2344V34.7874C28.6005 33.4745 35 26.2346 35 17.5Z&quot; fill=&quot;#8E8E8E&quot;/>&#xd;&#xa;&lt;path d=&quot;M24.312 22.5586L25.0879 17.5H20.2344V14.2188C20.2344 12.8348 20.9125 11.4844 23.0863 11.4844H25.293V7.17773C25.293 7.17773 23.2904 6.83594 21.3756 6.83594C17.3783 6.83594 14.7656 9.25859 14.7656 13.6445V17.5H10.3223V22.5586H14.7656V34.7874C16.5775 35.0709 18.4225 35.0709 20.2344 34.7874V22.5586H24.312Z&quot; fill=&quot;white&quot;/>&#xd;&#xa;&lt;/g>"
                                    url="https://www.facebook.com/"/>
                                <item1
                                    jcr:primaryType="nt:unstructured"
                                    icon="Linkedin"
                                    svgIcon="&lt;g xmlns=&quot;http://www.w3.org/2000/svg&quot; clip-path=&quot;url(#clip1_135_759)&quot;>&#xd;&#xa;&lt;path d=&quot;M102.416 0H72.5837C71.8984 0 71.2413 0.272209 70.7567 0.756743C70.2722 1.24128 70 1.89845 70 2.58368V32.4163C70 33.1016 70.2722 33.7587 70.7567 34.2433C71.2413 34.7278 71.8984 35 72.5837 35H102.416C103.102 35 103.759 34.7278 104.243 34.2433C104.728 33.7587 105 33.1016 105 32.4163V2.58368C105 1.89845 104.728 1.24128 104.243 0.756743C103.759 0.272209 103.102 0 102.416 0ZM80.4319 29.8156H75.1698V13.1007H80.4319V29.8156ZM77.7972 10.7844C77.2003 10.781 76.6178 10.6009 76.1232 10.2668C75.6285 9.93268 75.2439 9.45952 75.0179 8.90705C74.792 8.35457 74.7347 7.74753 74.8534 7.16254C74.9721 6.57755 75.2614 6.04082 75.6848 5.6201C76.1082 5.19938 76.6468 4.91351 77.2326 4.79859C77.8183 4.68366 78.425 4.74482 78.976 4.97435C79.527 5.20388 79.9977 5.59149 80.3286 6.08827C80.6595 6.58504 80.8359 7.16872 80.8354 7.76563C80.841 8.16526 80.7662 8.56193 80.6152 8.93201C80.4643 9.30208 80.2404 9.63798 79.9569 9.91968C79.6734 10.2014 79.336 10.4231 78.965 10.5717C78.594 10.7202 78.1968 10.7926 77.7972 10.7844ZM99.8278 29.8302H94.5681V20.6986C94.5681 18.0056 93.4233 17.1743 91.9455 17.1743C90.3851 17.1743 88.8538 18.3507 88.8538 20.7667V29.8302H83.5917V13.1128H88.6521V15.4292H88.7201C89.2281 14.401 91.0073 12.6438 93.7222 12.6438C96.6583 12.6438 99.8302 14.3865 99.8302 19.4906L99.8278 29.8302Z&quot; fill=&quot;#8E8E8E&quot;/>&#xd;&#xa;&lt;/g>&#xd;&#xa;"
                                    url="https://www.linkedin.com/"/>
                                <item2
                                    jcr:primaryType="nt:unstructured"
                                    icon="Twitter"
                                    svgIcon="&lt;path xmlns=&quot;http://www.w3.org/2000/svg&quot; d=&quot;M151.007 31.7196C164.214 31.7196 171.438 20.7772 171.438 11.288C171.438 10.9772 171.438 10.6678 171.417 10.3598C172.823 9.34327 174.036 8.08462 175 6.64279C173.69 7.2238 172.299 7.60464 170.876 7.77259C172.375 6.87526 173.497 5.46374 174.033 3.80079C172.623 4.63731 171.081 5.22679 169.473 5.54379C168.39 4.39255 166.958 3.63023 165.399 3.37479C163.839 3.11935 162.239 3.38504 160.845 4.13075C159.452 4.87645 158.343 6.06059 157.691 7.49993C157.038 8.93926 156.878 10.5536 157.235 12.093C154.38 11.9498 151.588 11.2078 149.038 9.9153C146.488 8.62277 144.239 6.80855 142.436 4.59039C141.518 6.17122 141.236 8.0426 141.65 9.82351C142.063 11.6044 143.139 13.1609 144.659 14.1762C143.516 14.1427 142.398 13.8344 141.4 13.2774V13.3684C141.4 15.0263 141.974 16.633 143.024 17.916C144.074 19.199 145.536 20.0793 147.161 20.4076C146.104 20.696 144.995 20.7381 143.919 20.5308C144.378 21.9575 145.271 23.2051 146.474 24.0992C147.677 24.9933 149.129 25.4892 150.627 25.5176C149.139 26.6879 147.434 27.5531 145.61 28.0638C143.786 28.5746 141.88 28.7207 140 28.494C143.284 30.6013 147.105 31.7191 151.007 31.714&quot; fill=&quot;#8E8E8E&quot;/>"
                                    url="https://x.com/"/>
                                <item3
                                    jcr:primaryType="nt:unstructured"
                                    icon="Instagram"
                                    svgIcon="&lt;g xmlns=&quot;http://www.w3.org/2000/svg&quot; clip-path=&quot;url(#clip2_135_759)&quot;>&#xd;&#xa;&lt;path d=&quot;M227.5 3.15137C232.176 3.15137 232.73 3.17187 234.568 3.2539C236.277 3.3291 237.2 3.61621 237.815 3.85547C238.629 4.16992 239.217 4.55273 239.825 5.16113C240.44 5.77636 240.816 6.35742 241.131 7.1709C241.37 7.78613 241.657 8.71582 241.732 10.418C241.814 12.2637 241.835 12.8174 241.835 17.4863C241.835 22.1621 241.814 22.7158 241.732 24.5547C241.657 26.2637 241.37 27.1865 241.131 27.8018C240.816 28.6152 240.434 29.2031 239.825 29.8115C239.21 30.4267 238.629 30.8027 237.815 31.1172C237.2 31.3564 236.271 31.6435 234.568 31.7187C232.723 31.8008 232.169 31.8213 227.5 31.8213C222.824 31.8213 222.271 31.8008 220.432 31.7187C218.723 31.6435 217.8 31.3564 217.185 31.1172C216.371 30.8027 215.783 30.4199 215.175 29.8115C214.56 29.1963 214.184 28.6152 213.869 27.8018C213.63 27.1865 213.343 26.2568 213.268 24.5547C213.186 22.709 213.165 22.1553 213.165 17.4863C213.165 12.8105 213.186 12.2568 213.268 10.418C213.343 8.70898 213.63 7.78613 213.869 7.1709C214.184 6.35742 214.566 5.76953 215.175 5.16113C215.79 4.5459 216.371 4.16992 217.185 3.85547C217.8 3.61621 218.729 3.3291 220.432 3.2539C222.271 3.17187 222.824 3.15137 227.5 3.15137ZM227.5 0C222.749 0 222.154 0.0205078 220.288 0.102539C218.429 0.18457 217.15 0.485351 216.043 0.916015C214.888 1.36719 213.91 1.96191 212.939 2.93945C211.962 3.91015 211.367 4.88769 210.916 6.03613C210.485 7.15039 210.185 8.42187 210.103 10.2812C210.021 12.1543 210 12.749 210 17.5C210 22.251 210.021 22.8457 210.103 24.7119C210.185 26.5713 210.485 27.8496 210.916 28.957C211.367 30.1123 211.962 31.0898 212.939 32.0605C213.91 33.0312 214.888 33.6328 216.036 34.0771C217.15 34.5078 218.422 34.8086 220.281 34.8906C222.147 34.9726 222.742 34.9931 227.493 34.9931C232.244 34.9931 232.839 34.9726 234.705 34.8906C236.564 34.8086 237.843 34.5078 238.95 34.0771C240.099 33.6328 241.076 33.0312 242.047 32.0605C243.018 31.0898 243.619 30.1123 244.063 28.9639C244.494 27.8496 244.795 26.5781 244.877 24.7187C244.959 22.8525 244.98 22.2578 244.98 17.5068C244.98 12.7559 244.959 12.1611 244.877 10.2949C244.795 8.43554 244.494 7.15722 244.063 6.0498C243.633 4.88769 243.038 3.91015 242.061 2.93945C241.09 1.96875 240.112 1.36719 238.964 0.922851C237.85 0.492187 236.578 0.191406 234.719 0.109375C232.846 0.0205078 232.251 0 227.5 0Z&quot; fill=&quot;#8E8E8E&quot;/>&#xd;&#xa;&lt;path d=&quot;M227.5 8.51074C222.537 8.51074 218.511 12.5371 218.511 17.5C218.511 22.4629 222.537 26.4893 227.5 26.4893C232.463 26.4893 236.489 22.4629 236.489 17.5C236.489 12.5371 232.463 8.51074 227.5 8.51074ZM227.5 23.3311C224.28 23.3311 221.669 20.7197 221.669 17.5C221.669 14.2803 224.28 11.6689 227.5 11.6689C230.72 11.6689 233.331 14.2803 233.331 17.5C233.331 20.7197 230.72 23.3311 227.5 23.3311Z&quot; fill=&quot;#8E8E8E&quot;/>&#xd;&#xa;&lt;path d=&quot;M238.943 8.15528C238.943 9.31739 238 10.2539 236.845 10.2539C235.683 10.2539 234.746 9.31055 234.746 8.15528C234.746 6.99317 235.689 6.05664 236.845 6.05664C238 6.05664 238.943 7 238.943 8.15528Z&quot; fill=&quot;#8E8E8E&quot;/>&#xd;&#xa;&lt;/g>"
                                    url="https://www.instagram.com/"/>
                            </multiitems>
                        </footerSocial>
                        <socialIcons
                            jcr:lastModified="{Date}2024-06-24T18:01:28.673+05:30"
                            jcr:lastModifiedBy="admin"
                            jcr:primaryType="nt:unstructured"
                            sling:resourceType="vation/components/socialIcons"
                            title="Follow us">
                            <multiitems jcr:primaryType="nt:unstructured">
                                <item0
                                    jcr:primaryType="nt:unstructured"
                                    stitle="Facebook"
                                    svgIcon="&lt;g xmlns=&quot;http://www.w3.org/2000/svg&quot; clip-path=&quot;url(#clip0_135_759)&quot;>&#xd;&#xa;&lt;path d=&quot;M35 17.5C35 7.83501 27.165 0 17.5 0C7.83501 0 0 7.83501 0 17.5C0 26.2346 6.39946 33.4745 14.7656 34.7874V22.5586H10.3223V17.5H14.7656V13.6445C14.7656 9.25859 17.3783 6.83593 21.3756 6.83593C23.2897 6.83593 25.293 7.17773 25.293 7.17773V11.4844H23.0863C20.9125 11.4844 20.2344 12.8334 20.2344 14.2187V17.5H25.0879L24.312 22.5586H20.2344V34.7874C28.6005 33.4745 35 26.2346 35 17.5Z&quot; fill=&quot;#8E8E8E&quot;/>&#xd;&#xa;&lt;path d=&quot;M24.312 22.5586L25.0879 17.5H20.2344V14.2188C20.2344 12.8348 20.9125 11.4844 23.0863 11.4844H25.293V7.17773C25.293 7.17773 23.2904 6.83594 21.3756 6.83594C17.3783 6.83594 14.7656 9.25859 14.7656 13.6445V17.5H10.3223V22.5586H14.7656V34.7874C16.5775 35.0709 18.4225 35.0709 20.2344 34.7874V22.5586H24.312Z&quot; fill=&quot;white&quot;/>&#xd;&#xa;&lt;/g>"/>
                                <item1
                                    jcr:primaryType="nt:unstructured"
                                    stitle="Linkedin"
                                    svgIcon="&lt;g xmlns=&quot;http://www.w3.org/2000/svg&quot; clip-path=&quot;url(#clip1_135_759)&quot;>&#xd;&#xa;&lt;path d=&quot;M102.416 0H72.5837C71.8984 0 71.2413 0.272209 70.7567 0.756743C70.2722 1.24128 70 1.89845 70 2.58368V32.4163C70 33.1016 70.2722 33.7587 70.7567 34.2433C71.2413 34.7278 71.8984 35 72.5837 35H102.416C103.102 35 103.759 34.7278 104.243 34.2433C104.728 33.7587 105 33.1016 105 32.4163V2.58368C105 1.89845 104.728 1.24128 104.243 0.756743C103.759 0.272209 103.102 0 102.416 0ZM80.4319 29.8156H75.1698V13.1007H80.4319V29.8156ZM77.7972 10.7844C77.2003 10.781 76.6178 10.6009 76.1232 10.2668C75.6285 9.93268 75.2439 9.45952 75.0179 8.90705C74.792 8.35457 74.7347 7.74753 74.8534 7.16254C74.9721 6.57755 75.2614 6.04082 75.6848 5.6201C76.1082 5.19938 76.6468 4.91351 77.2326 4.79859C77.8183 4.68366 78.425 4.74482 78.976 4.97435C79.527 5.20388 79.9977 5.59149 80.3286 6.08827C80.6595 6.58504 80.8359 7.16872 80.8354 7.76563C80.841 8.16526 80.7662 8.56193 80.6152 8.93201C80.4643 9.30208 80.2404 9.63798 79.9569 9.91968C79.6734 10.2014 79.336 10.4231 78.965 10.5717C78.594 10.7202 78.1968 10.7926 77.7972 10.7844ZM99.8278 29.8302H94.5681V20.6986C94.5681 18.0056 93.4233 17.1743 91.9455 17.1743C90.3851 17.1743 88.8538 18.3507 88.8538 20.7667V29.8302H83.5917V13.1128H88.6521V15.4292H88.7201C89.2281 14.401 91.0073 12.6438 93.7222 12.6438C96.6583 12.6438 99.8302 14.3865 99.8302 19.4906L99.8278 29.8302Z&quot; fill=&quot;#8E8E8E&quot;/>&#xd;&#xa;&lt;/g>"
                                    url="https://www.linkedin.com/"/>
                                <item2
                                    jcr:primaryType="nt:unstructured"
                                    stitle="Twitter"
                                    svgIcon="&lt;path xmlns=&quot;http://www.w3.org/2000/svg&quot; d=&quot;M151.007 31.7196C164.214 31.7196 171.438 20.7772 171.438 11.288C171.438 10.9772 171.438 10.6678 171.417 10.3598C172.823 9.34327 174.036 8.08462 175 6.64279C173.69 7.2238 172.299 7.60464 170.876 7.77259C172.375 6.87526 173.497 5.46374 174.033 3.80079C172.623 4.63731 171.081 5.22679 169.473 5.54379C168.39 4.39255 166.958 3.63023 165.399 3.37479C163.839 3.11935 162.239 3.38504 160.845 4.13075C159.452 4.87645 158.343 6.06059 157.691 7.49993C157.038 8.93926 156.878 10.5536 157.235 12.093C154.38 11.9498 151.588 11.2078 149.038 9.9153C146.488 8.62277 144.239 6.80855 142.436 4.59039C141.518 6.17122 141.236 8.0426 141.65 9.82351C142.063 11.6044 143.139 13.1609 144.659 14.1762C143.516 14.1427 142.398 13.8344 141.4 13.2774V13.3684C141.4 15.0263 141.974 16.633 143.024 17.916C144.074 19.199 145.536 20.0793 147.161 20.4076C146.104 20.696 144.995 20.7381 143.919 20.5308C144.378 21.9575 145.271 23.2051 146.474 24.0992C147.677 24.9933 149.129 25.4892 150.627 25.5176C149.139 26.6879 147.434 27.5531 145.61 28.0638C143.786 28.5746 141.88 28.7207 140 28.494C143.284 30.6013 147.105 31.7191 151.007 31.714&quot; fill=&quot;#8E8E8E&quot;/>"
                                    url="https://x.com/"/>
                                <item3
                                    jcr:primaryType="nt:unstructured"
                                    stitle="Instagram"
                                    svgIcon="&lt;g xmlns=&quot;http://www.w3.org/2000/svg&quot; clip-path=&quot;url(#clip2_135_759)&quot;>&#xd;&#xa;&lt;path d=&quot;M227.5 3.15137C232.176 3.15137 232.73 3.17187 234.568 3.2539C236.277 3.3291 237.2 3.61621 237.815 3.85547C238.629 4.16992 239.217 4.55273 239.825 5.16113C240.44 5.77636 240.816 6.35742 241.131 7.1709C241.37 7.78613 241.657 8.71582 241.732 10.418C241.814 12.2637 241.835 12.8174 241.835 17.4863C241.835 22.1621 241.814 22.7158 241.732 24.5547C241.657 26.2637 241.37 27.1865 241.131 27.8018C240.816 28.6152 240.434 29.2031 239.825 29.8115C239.21 30.4267 238.629 30.8027 237.815 31.1172C237.2 31.3564 236.271 31.6435 234.568 31.7187C232.723 31.8008 232.169 31.8213 227.5 31.8213C222.824 31.8213 222.271 31.8008 220.432 31.7187C218.723 31.6435 217.8 31.3564 217.185 31.1172C216.371 30.8027 215.783 30.4199 215.175 29.8115C214.56 29.1963 214.184 28.6152 213.869 27.8018C213.63 27.1865 213.343 26.2568 213.268 24.5547C213.186 22.709 213.165 22.1553 213.165 17.4863C213.165 12.8105 213.186 12.2568 213.268 10.418C213.343 8.70898 213.63 7.78613 213.869 7.1709C214.184 6.35742 214.566 5.76953 215.175 5.16113C215.79 4.5459 216.371 4.16992 217.185 3.85547C217.8 3.61621 218.729 3.3291 220.432 3.2539C222.271 3.17187 222.824 3.15137 227.5 3.15137ZM227.5 0C222.749 0 222.154 0.0205078 220.288 0.102539C218.429 0.18457 217.15 0.485351 216.043 0.916015C214.888 1.36719 213.91 1.96191 212.939 2.93945C211.962 3.91015 211.367 4.88769 210.916 6.03613C210.485 7.15039 210.185 8.42187 210.103 10.2812C210.021 12.1543 210 12.749 210 17.5C210 22.251 210.021 22.8457 210.103 24.7119C210.185 26.5713 210.485 27.8496 210.916 28.957C211.367 30.1123 211.962 31.0898 212.939 32.0605C213.91 33.0312 214.888 33.6328 216.036 34.0771C217.15 34.5078 218.422 34.8086 220.281 34.8906C222.147 34.9726 222.742 34.9931 227.493 34.9931C232.244 34.9931 232.839 34.9726 234.705 34.8906C236.564 34.8086 237.843 34.5078 238.95 34.0771C240.099 33.6328 241.076 33.0312 242.047 32.0605C243.018 31.0898 243.619 30.1123 244.063 28.9639C244.494 27.8496 244.795 26.5781 244.877 24.7187C244.959 22.8525 244.98 22.2578 244.98 17.5068C244.98 12.7559 244.959 12.1611 244.877 10.2949C244.795 8.43554 244.494 7.15722 244.063 6.0498C243.633 4.88769 243.038 3.91015 242.061 2.93945C241.09 1.96875 240.112 1.36719 238.964 0.922851C237.85 0.492187 236.578 0.191406 234.719 0.109375C232.846 0.0205078 232.251 0 227.5 0Z&quot; fill=&quot;#8E8E8E&quot;/>&#xd;&#xa;&lt;path d=&quot;M227.5 8.51074C222.537 8.51074 218.511 12.5371 218.511 17.5C218.511 22.4629 222.537 26.4893 227.5 26.4893C232.463 26.4893 236.489 22.4629 236.489 17.5C236.489 12.5371 232.463 8.51074 227.5 8.51074ZM227.5 23.3311C224.28 23.3311 221.669 20.7197 221.669 17.5C221.669 14.2803 224.28 11.6689 227.5 11.6689C230.72 11.6689 233.331 14.2803 233.331 17.5C233.331 20.7197 230.72 23.3311 227.5 23.3311Z&quot; fill=&quot;#8E8E8E&quot;/>&#xd;&#xa;&lt;path d=&quot;M238.943 8.15528C238.943 9.31739 238 10.2539 236.845 10.2539C235.683 10.2539 234.746 9.31055 234.746 8.15528C234.746 6.99317 235.689 6.05664 236.845 6.05664C238 6.05664 238.943 7 238.943 8.15528Z&quot; fill=&quot;#8E8E8E&quot;/>&#xd;&#xa;&lt;/g>"
                                    url="https://www.instagram.com/"/>
                            </multiitems>
                        </socialIcons>
                        <multiFieldItems jcr:primaryType="nt:unstructured">
                            <item0
                                jcr:primaryType="nt:unstructured"
                                navigationtitle="About Vation"
                                navLink="#"/>
                            <item1
                                jcr:primaryType="nt:unstructured"
                                navigationtitle="Solutions"
                                navLink="#"/>
                            <item2
                                jcr:primaryType="nt:unstructured"
                                navigationtitle="Career"
                                navLink="#"/>
                            <item3
                                jcr:primaryType="nt:unstructured"
                                navigationtitle="Contact"
                                navLink="#"/>
                            <item4
                                jcr:primaryType="nt:unstructured"
                                navigationtitle="Privacy"
                                navLink="#"/>
                            <item5
                                jcr:primaryType="nt:unstructured"
                                navigationtitle="Terms"
                                navLink="#"/>
                        </multiFieldItems>
                    </footer>
                    <footersocial
                        jcr:created="{Date}2024-06-25T14:55:13.759+05:30"
                        jcr:createdBy="admin"
                        jcr:lastModified="{Date}2024-06-25T15:28:23.219+05:30"
                        jcr:lastModifiedBy="admin"
                        jcr:primaryType="nt:unstructured"
                        sling:resourceType="vation/components/footerSocial"
                        text="Follow us">
                        <multiitems jcr:primaryType="nt:unstructured">
                            <item0
                                jcr:primaryType="nt:unstructured"
                                icon="facebook"
                                svgIcon="&lt;g xmlns=&quot;http://www.w3.org/2000/svg&quot; clip-path=&quot;url(#clip0_135_759)&quot;>&#xd;&#xa;&lt;path d=&quot;M35 17.5C35 7.83501 27.165 0 17.5 0C7.83501 0 0 7.83501 0 17.5C0 26.2346 6.39946 33.4745 14.7656 34.7874V22.5586H10.3223V17.5H14.7656V13.6445C14.7656 9.25859 17.3783 6.83593 21.3756 6.83593C23.2897 6.83593 25.293 7.17773 25.293 7.17773V11.4844H23.0863C20.9125 11.4844 20.2344 12.8334 20.2344 14.2187V17.5H25.0879L24.312 22.5586H20.2344V34.7874C28.6005 33.4745 35 26.2346 35 17.5Z&quot; fill=&quot;#8E8E8E&quot;/>&#xd;&#xa;&lt;path d=&quot;M24.312 22.5586L25.0879 17.5H20.2344V14.2188C20.2344 12.8348 20.9125 11.4844 23.0863 11.4844H25.293V7.17773C25.293 7.17773 23.2904 6.83594 21.3756 6.83594C17.3783 6.83594 14.7656 9.25859 14.7656 13.6445V17.5H10.3223V22.5586H14.7656V34.7874C16.5775 35.0709 18.4225 35.0709 20.2344 34.7874V22.5586H24.312Z&quot; fill=&quot;white&quot;/>&#xd;&#xa;&lt;/g>"
                                url="https://www.facebook.com/"/>
                            <item1
                                jcr:primaryType="nt:unstructured"
                                svgIcon="&lt;g xmlns=&quot;http://www.w3.org/2000/svg&quot; clip-path=&quot;url(#clip1_135_759)&quot;>&#xd;&#xa;&lt;path d=&quot;M102.416 0H72.5837C71.8984 0 71.2413 0.272209 70.7567 0.756743C70.2722 1.24128 70 1.89845 70 2.58368V32.4163C70 33.1016 70.2722 33.7587 70.7567 34.2433C71.2413 34.7278 71.8984 35 72.5837 35H102.416C103.102 35 103.759 34.7278 104.243 34.2433C104.728 33.7587 105 33.1016 105 32.4163V2.58368C105 1.89845 104.728 1.24128 104.243 0.756743C103.759 0.272209 103.102 0 102.416 0ZM80.4319 29.8156H75.1698V13.1007H80.4319V29.8156ZM77.7972 10.7844C77.2003 10.781 76.6178 10.6009 76.1232 10.2668C75.6285 9.93268 75.2439 9.45952 75.0179 8.90705C74.792 8.35457 74.7347 7.74753 74.8534 7.16254C74.9721 6.57755 75.2614 6.04082 75.6848 5.6201C76.1082 5.19938 76.6468 4.91351 77.2326 4.79859C77.8183 4.68366 78.425 4.74482 78.976 4.97435C79.527 5.20388 79.9977 5.59149 80.3286 6.08827C80.6595 6.58504 80.8359 7.16872 80.8354 7.76563C80.841 8.16526 80.7662 8.56193 80.6152 8.93201C80.4643 9.30208 80.2404 9.63798 79.9569 9.91968C79.6734 10.2014 79.336 10.4231 78.965 10.5717C78.594 10.7202 78.1968 10.7926 77.7972 10.7844ZM99.8278 29.8302H94.5681V20.6986C94.5681 18.0056 93.4233 17.1743 91.9455 17.1743C90.3851 17.1743 88.8538 18.3507 88.8538 20.7667V29.8302H83.5917V13.1128H88.6521V15.4292H88.7201C89.2281 14.401 91.0073 12.6438 93.7222 12.6438C96.6583 12.6438 99.8302 14.3865 99.8302 19.4906L99.8278 29.8302Z&quot; fill=&quot;#8E8E8E&quot;/>&#xd;&#xa;&lt;/g>"/>
                            <item2 jcr:primaryType="nt:unstructured"/>
                            <item3 jcr:primaryType="nt:unstructured"/>
                        </multiitems>
                    </footersocial>
                    <footersocial_413934859
                        jcr:created="{Date}2024-06-25T15:17:36.803+05:30"
                        jcr:createdBy="admin"
                        jcr:lastModified="{Date}2024-06-25T15:19:41.980+05:30"
                        jcr:lastModifiedBy="admin"
                        jcr:primaryType="nt:unstructured"
                        sling:resourceType="skyplus6ev2/components/custom/footerSocial">
                        <multiitems jcr:primaryType="nt:unstructured">
                            <item0
                                jcr:primaryType="nt:unstructured"
                                svgIcon="&lt;g xmlns=&quot;http://www.w3.org/2000/svg&quot; clip-path=&quot;url(#clip0_135_759)&quot;>&#xd;&#xa;&lt;path d=&quot;M35 17.5C35 7.83501 27.165 0 17.5 0C7.83501 0 0 7.83501 0 17.5C0 26.2346 6.39946 33.4745 14.7656 34.7874V22.5586H10.3223V17.5H14.7656V13.6445C14.7656 9.25859 17.3783 6.83593 21.3756 6.83593C23.2897 6.83593 25.293 7.17773 25.293 7.17773V11.4844H23.0863C20.9125 11.4844 20.2344 12.8334 20.2344 14.2187V17.5H25.0879L24.312 22.5586H20.2344V34.7874C28.6005 33.4745 35 26.2346 35 17.5Z&quot; fill=&quot;#8E8E8E&quot;/>&#xd;&#xa;&lt;path d=&quot;M24.312 22.5586L25.0879 17.5H20.2344V14.2188C20.2344 12.8348 20.9125 11.4844 23.0863 11.4844H25.293V7.17773C25.293 7.17773 23.2904 6.83594 21.3756 6.83594C17.3783 6.83594 14.7656 9.25859 14.7656 13.6445V17.5H10.3223V22.5586H14.7656V34.7874C16.5775 35.0709 18.4225 35.0709 20.2344 34.7874V22.5586H24.312Z&quot; fill=&quot;white&quot;/>&#xd;&#xa;&lt;/g>"
                                title="Facebook"
                                url="https://www.facebook.com/"/>
                        </multiitems>
                    </footersocial_413934859>
                </container>
            </container>
        </root>
    </jcr:content>
    <home-page/>
    <test/>
    <about/>
    <gymster/>
    <iphone/>
    <articles/>
</jcr:root>
